,sex,age,sibsp,parch,fare,adult_male,alone,pclass_2,pclass_3,embarked_Q,embarked_S,who_man,who_woman,survived
298,0,33.0,0,0,30.5,1,1,0.0,0.0,0.0,1.0,1.0,0.0,1
884,0,25.0,0,0,7.05,1,1,0.0,1.0,0.0,1.0,1.0,0.0,0
247,1,24.0,0,2,14.5,0,0,1.0,0.0,0.0,1.0,0.0,1.0,1
478,0,22.0,0,0,7.5208,1,1,0.0,1.0,0.0,1.0,1.0,0.0,0
305,0,0.92,1,2,151.55,0,0,0.0,0.0,0.0,1.0,0.0,0.0,1
316,1,24.0,1,0,26.0,0,0,1.0,0.0,0.0,1.0,0.0,1.0,1
2,1,26.0,0,0,7.925,0,1,0.0,1.0,0.0,1.0,0.0,1.0,1
405,0,34.0,1,0,21.0,1,0,1.0,0.0,0.0,1.0,1.0,0.0,0
742,1,21.0,2,2,262.375,0,0,0.0,0.0,0.0,0.0,0.0,1.0,1
260,0,33.0,0,0,7.75,1,1,0.0,1.0,1.0,0.0,1.0,0.0,0
367,1,33.0,0,0,7.2292,0,1,0.0,1.0,0.0,0.0,0.0,1.0,1
158,0,33.0,0,0,8.6625,1,1,0.0,1.0,0.0,1.0,1.0,0.0,0
554,1,22.0,0,0,7.775,0,1,0.0,1.0,0.0,1.0,0.0,1.0,1
829,1,62.0,0,0,80.0,0,1,0.0,0.0,0.0,1.0,0.0,1.0,1
677,1,18.0,0,0,9.8417,0,1,0.0,1.0,0.0,1.0,0.0,1.0,1
380,1,42.0,0,0,227.525,0,1,0.0,0.0,0.0,0.0,0.0,1.0,1
626,0,57.0,0,0,12.35,1,1,1.0,0.0,1.0,0.0,1.0,0.0,0
302,0,19.0,0,0,0.0,1,1,0.0,1.0,0.0,1.0,1.0,0.0,0
432,1,42.0,1,0,26.0,0,0,1.0,0.0,0.0,1.0,0.0,1.0,1
522,0,33.0,0,0,7.225,1,1,0.0,1.0,0.0,0.0,1.0,0.0,0
404,1,20.0,0,0,8.6625,0,1,0.0,1.0,0.0,1.0,0.0,1.0,0
843,0,34.5,0,0,6.4375,1,1,0.0,1.0,0.0,0.0,1.0,0.0,0
355,0,28.0,0,0,9.5,1,1,0.0,1.0,0.0,1.0,1.0,0.0,0
464,0,33.0,0,0,8.05,1,1,0.0,1.0,0.0,1.0,1.0,0.0,0
753,0,23.0,0,0,7.8958,1,1,0.0,1.0,0.0,1.0,1.0,0.0,0
212,0,22.0,0,0,7.25,1,1,0.0,1.0,0.0,1.0,1.0,0.0,0
449,0,52.0,0,0,30.5,1,1,0.0,0.0,0.0,1.0,1.0,0.0,1
79,1,30.0,0,0,12.475,0,1,0.0,1.0,0.0,1.0,0.0,1.0,1
148,0,36.5,0,2,26.0,1,0,1.0,0.0,0.0,1.0,1.0,0.0,0
428,0,33.0,0,0,7.75,1,1,0.0,1.0,1.0,0.0,1.0,0.0,0
60,0,22.0,0,0,7.2292,1,1,0.0,1.0,0.0,0.0,1.0,0.0,0
660,0,50.0,2,0,133.65,1,0,0.0,0.0,0.0,1.0,1.0,0.0,1
804,0,27.0,0,0,6.975,1,1,0.0,1.0,0.0,1.0,1.0,0.0,1
588,0,22.0,0,0,8.05,1,1,0.0,1.0,0.0,1.0,1.0,0.0,0
765,1,51.0,1,0,77.9583,0,0,0.0,0.0,0.0,1.0,0.0,1.0,1
265,0,36.0,0,0,10.5,1,1,1.0,0.0,0.0,1.0,1.0,0.0,0
133,1,29.0,1,0,26.0,0,0,1.0,0.0,0.0,1.0,0.0,1.0,1
708,1,22.0,0,0,151.55,0,1,0.0,0.0,0.0,1.0,0.0,1.0,1
544,0,50.0,1,0,106.425,1,0,0.0,0.0,0.0,0.0,1.0,0.0,0
346,1,40.0,0,0,13.0,0,1,1.0,0.0,0.0,1.0,0.0,1.0,1
821,0,27.0,0,0,8.6625,1,1,0.0,1.0,0.0,1.0,1.0,0.0,1
633,0,33.0,0,0,0.0,1,1,0.0,0.0,0.0,1.0,1.0,0.0,0
456,0,65.0,0,0,26.55,1,1,0.0,0.0,0.0,1.0,1.0,0.0,0
500,0,17.0,0,0,8.6625,1,1,0.0,1.0,0.0,1.0,1.0,0.0,0
430,0,28.0,0,0,26.55,1,1,0.0,0.0,0.0,1.0,1.0,0.0,1
445,0,4.0,0,2,81.8583,0,0,0.0,0.0,0.0,1.0,0.0,0.0,1
650,0,33.0,0,0,7.8958,1,1,0.0,1.0,0.0,1.0,1.0,0.0,0
172,1,1.0,1,1,11.1333,0,0,0.0,1.0,0.0,1.0,0.0,0.0,1
450,0,36.0,1,2,27.75,1,0,1.0,0.0,0.0,1.0,1.0,0.0,0
314,0,43.0,1,1,26.25,1,0,1.0,0.0,0.0,1.0,1.0,0.0,0
332,0,38.0,0,1,153.4625,1,0,0.0,0.0,0.0,1.0,1.0,0.0,0
801,1,31.0,1,1,26.25,0,0,1.0,0.0,0.0,1.0,0.0,1.0,1
90,0,29.0,0,0,8.05,1,1,0.0,1.0,0.0,1.0,1.0,0.0,0
834,0,18.0,0,0,8.3,1,1,0.0,1.0,0.0,1.0,1.0,0.0,0
181,0,33.0,0,0,15.05,1,1,1.0,0.0,0.0,0.0,1.0,0.0,0
581,1,39.0,1,1,110.8833,0,0,0.0,0.0,0.0,0.0,0.0,1.0,1
795,0,39.0,0,0,13.0,1,1,1.0,0.0,0.0,1.0,1.0,0.0,0
69,0,26.0,2,0,8.6625,1,0,0.0,1.0,0.0,1.0,1.0,0.0,0
131,0,20.0,0,0,7.05,1,1,0.0,1.0,0.0,1.0,1.0,0.0,0
334,1,33.0,1,0,133.65,0,0,0.0,0.0,0.0,1.0,0.0,1.0,1
597,0,49.0,0,0,0.0,1,1,0.0,1.0,0.0,1.0,1.0,0.0,0
135,0,23.0,0,0,15.0458,1,1,1.0,0.0,0.0,0.0,1.0,0.0,0
164,0,1.0,4,1,39.6875,0,0,0.0,1.0,0.0,1.0,0.0,0.0,0
28,1,33.0,0,0,7.8792,0,1,0.0,1.0,1.0,0.0,0.0,1.0,1
783,0,33.0,1,2,23.45,1,0,0.0,1.0,0.0,1.0,1.0,0.0,0
193,0,3.0,1,1,26.0,0,0,1.0,0.0,0.0,1.0,0.0,0.0,1
869,0,4.0,1,1,11.1333,0,0,0.0,1.0,0.0,1.0,0.0,0.0,1
715,0,19.0,0,0,7.65,1,1,0.0,1.0,0.0,1.0,1.0,0.0,0
525,0,40.5,0,0,7.75,1,1,0.0,1.0,1.0,0.0,1.0,0.0,0
381,1,1.0,0,2,15.7417,0,0,0.0,1.0,0.0,0.0,0.0,0.0,1
140,1,33.0,0,2,15.2458,0,0,0.0,1.0,0.0,0.0,0.0,1.0,0
173,0,21.0,0,0,7.925,1,1,0.0,1.0,0.0,1.0,1.0,0.0,0
6,0,54.0,0,0,51.8625,1,1,0.0,0.0,0.0,1.0,1.0,0.0,0
718,0,33.0,0,0,15.5,1,1,0.0,1.0,1.0,0.0,1.0,0.0,0
685,0,25.0,1,2,41.5792,1,0,1.0,0.0,0.0,0.0,1.0,0.0,0
73,0,26.0,1,0,14.4542,1,0,0.0,1.0,0.0,0.0,1.0,0.0,0
882,1,22.0,0,0,10.5167,0,1,0.0,1.0,0.0,1.0,0.0,1.0,0
328,1,31.0,1,1,20.525,0,0,0.0,1.0,0.0,1.0,0.0,1.0,1
453,0,49.0,1,0,89.1042,1,0,0.0,0.0,0.0,0.0,1.0,0.0,1
145,0,19.0,1,1,36.75,1,0,1.0,0.0,0.0,1.0,1.0,0.0,0
234,0,24.0,0,0,10.5,1,1,1.0,0.0,0.0,1.0,1.0,0.0,0
220,0,16.0,0,0,8.05,1,1,0.0,1.0,0.0,1.0,1.0,0.0,1
370,0,25.0,1,0,55.4417,1,0,0.0,0.0,0.0,0.0,1.0,0.0,1
811,0,39.0,0,0,24.15,1,1,0.0,1.0,0.0,1.0,1.0,0.0,0
132,1,47.0,1,0,14.5,0,0,0.0,1.0,0.0,1.0,0.0,1.0,0
694,0,60.0,0,0,26.55,1,1,0.0,0.0,0.0,1.0,1.0,0.0,0
864,0,24.0,0,0,13.0,1,1,1.0,0.0,0.0,1.0,1.0,0.0,0
185,0,33.0,0,0,50.0,1,1,0.0,0.0,0.0,1.0,1.0,0.0,0
41,1,27.0,1,0,21.0,0,0,1.0,0.0,0.0,1.0,0.0,1.0,0
547,0,33.0,0,0,13.8625,1,1,1.0,0.0,0.0,0.0,1.0,0.0,1
108,0,38.0,0,0,7.8958,1,1,0.0,1.0,0.0,1.0,1.0,0.0,0
603,0,44.0,0,0,8.05,1,1,0.0,1.0,0.0,1.0,1.0,0.0,0
56,1,21.0,0,0,10.5,0,1,1.0,0.0,0.0,1.0,0.0,1.0,1
394,1,24.0,0,2,16.7,0,0,0.0,1.0,0.0,1.0,0.0,1.0,1
706,1,45.0,0,0,13.5,0,1,1.0,0.0,0.0,1.0,0.0,1.0,1
549,0,8.0,1,1,36.75,0,0,1.0,0.0,0.0,1.0,0.0,0.0,1
24,1,8.0,3,1,21.075,0,0,0.0,1.0,0.0,1.0,0.0,0.0,0
351,0,33.0,0,0,35.0,1,1,0.0,0.0,0.0,1.0,1.0,0.0,0
429,0,32.0,0,0,8.05,1,1,0.0,1.0,0.0,1.0,1.0,0.0,1
434,0,50.0,1,0,55.9,1,0,0.0,0.0,0.0,1.0,1.0,0.0,0
51,0,21.0,0,0,7.8,1,1,0.0,1.0,0.0,1.0,1.0,0.0,0
526,1,50.0,0,0,10.5,0,1,1.0,0.0,0.0,1.0,0.0,1.0,1
816,1,23.0,0,0,7.925,0,1,0.0,1.0,0.0,1.0,0.0,1.0,0
569,0,32.0,0,0,7.8542,1,1,0.0,1.0,0.0,1.0,1.0,0.0,1
264,1,33.0,0,0,7.75,0,1,0.0,1.0,1.0,0.0,0.0,1.0,0
436,1,21.0,2,2,34.375,0,0,0.0,1.0,0.0,1.0,0.0,1.0,0
613,0,33.0,0,0,7.75,1,1,0.0,1.0,1.0,0.0,1.0,0.0,0
693,0,25.0,0,0,7.225,1,1,0.0,1.0,0.0,0.0,1.0,0.0,0
352,0,15.0,1,1,7.2292,0,0,0.0,1.0,0.0,0.0,0.0,0.0,0
18,1,31.0,1,0,18.0,0,0,0.0,1.0,0.0,1.0,0.0,1.0,0
666,0,25.0,0,0,13.0,1,1,1.0,0.0,0.0,1.0,1.0,0.0,0
582,0,54.0,0,0,26.0,1,1,1.0,0.0,0.0,1.0,1.0,0.0,0
83,0,28.0,0,0,47.1,1,1,0.0,0.0,0.0,1.0,1.0,0.0,0
61,1,38.0,0,0,80.0,0,1,0.0,0.0,0.0,0.0,0.0,1.0,1
272,1,41.0,0,1,19.5,0,0,1.0,0.0,0.0,1.0,0.0,1.0,1
285,0,33.0,0,0,8.6625,1,1,0.0,1.0,0.0,0.0,1.0,0.0,0
695,0,52.0,0,0,13.5,1,1,1.0,0.0,0.0,1.0,1.0,0.0,0
746,0,16.0,1,1,20.25,1,0,0.0,1.0,0.0,1.0,1.0,0.0,0
12,0,20.0,0,0,8.05,1,1,0.0,1.0,0.0,1.0,1.0,0.0,0
182,0,9.0,4,2,31.3875,0,0,0.0,1.0,0.0,1.0,0.0,0.0,0
444,0,33.0,0,0,8.1125,1,1,0.0,1.0,0.0,1.0,1.0,0.0,1
552,0,33.0,0,0,7.8292,1,1,0.0,1.0,1.0,0.0,1.0,0.0,0
223,0,33.0,0,0,7.8958,1,1,0.0,1.0,0.0,1.0,1.0,0.0,0
513,1,54.0,1,0,59.4,0,0,0.0,0.0,0.0,0.0,0.0,1.0,1
628,0,26.0,0,0,7.8958,1,1,0.0,1.0,0.0,1.0,1.0,0.0,0
587,0,60.0,1,1,79.2,1,0,0.0,0.0,0.0,0.0,1.0,0.0,1
692,0,33.0,0,0,56.4958,1,1,0.0,1.0,0.0,1.0,1.0,0.0,1
523,1,44.0,0,1,57.9792,0,0,0.0,0.0,0.0,0.0,0.0,1.0,1
664,0,20.0,1,0,7.925,1,0,0.0,1.0,0.0,1.0,1.0,0.0,1
176,0,33.0,3,1,25.4667,1,0,0.0,1.0,0.0,1.0,1.0,0.0,0
841,0,16.0,0,0,10.5,1,1,1.0,0.0,0.0,1.0,1.0,0.0,0
678,1,43.0,1,6,46.9,0,0,0.0,1.0,0.0,1.0,0.0,1.0,0
163,0,17.0,0,0,8.6625,1,1,0.0,1.0,0.0,1.0,1.0,0.0,0
248,0,37.0,1,1,52.5542,1,0,0.0,0.0,0.0,1.0,1.0,0.0,1
570,0,62.0,0,0,10.5,1,1,1.0,0.0,0.0,1.0,1.0,0.0,1
787,0,8.0,4,1,29.125,0,0,0.0,1.0,1.0,0.0,0.0,0.0,0
74,0,32.0,0,0,56.4958,1,1,0.0,1.0,0.0,1.0,1.0,0.0,1
113,1,20.0,1,0,9.825,0,0,0.0,1.0,0.0,1.0,0.0,1.0,0
635,1,28.0,0,0,13.0,0,1,1.0,0.0,0.0,1.0,0.0,1.0,1
501,1,21.0,0,0,7.75,0,1,0.0,1.0,1.0,0.0,0.0,1.0,0
104,0,37.0,2,0,7.925,1,0,0.0,1.0,0.0,1.0,1.0,0.0,0
114,1,17.0,0,0,14.4583,0,1,0.0,1.0,0.0,0.0,0.0,1.0,0
368,1,33.0,0,0,7.75,0,1,0.0,1.0,1.0,0.0,0.0,1.0,1
92,0,46.0,1,0,61.175,1,0,0.0,0.0,0.0,1.0,1.0,0.0,0
497,0,33.0,0,0,15.1,1,1,0.0,1.0,0.0,1.0,1.0,0.0,0
89,0,24.0,0,0,8.05,1,1,0.0,1.0,0.0,1.0,1.0,0.0,0
336,0,29.0,1,0,66.6,1,0,0.0,0.0,0.0,1.0,1.0,0.0,0
879,1,56.0,0,1,83.1583,0,0,0.0,0.0,0.0,0.0,0.0,1.0,1
817,0,31.0,1,1,37.0042,1,0,1.0,0.0,0.0,0.0,1.0,0.0,0
828,0,33.0,0,0,7.75,1,1,0.0,1.0,1.0,0.0,1.0,0.0,1
543,0,32.0,1,0,26.0,1,0,1.0,0.0,0.0,1.0,1.0,0.0,1
548,0,33.0,1,1,20.525,1,0,0.0,1.0,0.0,1.0,1.0,0.0,0
94,0,59.0,0,0,7.25,1,1,0.0,1.0,0.0,1.0,1.0,0.0,0
11,1,58.0,0,0,26.55,0,1,0.0,0.0,0.0,1.0,0.0,1.0,1
431,1,33.0,1,0,16.1,0,0,0.0,1.0,0.0,1.0,0.0,1.0,1
43,1,3.0,1,2,41.5792,0,0,1.0,0.0,0.0,0.0,0.0,0.0,1
42,0,33.0,0,0,7.8958,1,1,0.0,1.0,0.0,0.0,1.0,0.0,0
329,1,16.0,0,1,57.9792,0,0,0.0,0.0,0.0,0.0,0.0,1.0,1
167,1,45.0,1,4,27.9,0,0,0.0,1.0,0.0,1.0,0.0,1.0,0
779,1,43.0,0,1,211.3375,0,0,0.0,0.0,0.0,1.0,0.0,1.0,1
537,1,30.0,0,0,106.425,0,1,0.0,0.0,0.0,0.0,0.0,1.0,1
735,0,28.5,0,0,16.1,1,1,0.0,1.0,0.0,1.0,1.0,0.0,0
499,0,24.0,0,0,7.7958,1,1,0.0,1.0,0.0,1.0,1.0,0.0,0
178,0,30.0,0,0,13.0,1,1,1.0,0.0,0.0,1.0,1.0,0.0,0
583,0,36.0,0,0,40.125,1,1,0.0,0.0,0.0,0.0,1.0,0.0,0
784,0,25.0,0,0,7.05,1,1,0.0,1.0,0.0,1.0,1.0,0.0,0
593,1,33.0,0,2,7.75,0,0,0.0,1.0,1.0,0.0,0.0,1.0,0
177,1,50.0,0,0,28.7125,0,1,0.0,0.0,0.0,0.0,0.0,1.0,0
644,1,0.75,2,1,19.2583,0,0,0.0,1.0,0.0,0.0,0.0,0.0,1
710,1,24.0,0,0,49.5042,0,1,0.0,0.0,0.0,0.0,0.0,1.0,1
615,1,24.0,1,2,65.0,0,0,1.0,0.0,0.0,1.0,0.0,1.0,1
383,1,35.0,1,0,52.0,0,0,0.0,0.0,0.0,1.0,0.0,1.0,1
257,1,30.0,0,0,86.5,0,1,0.0,0.0,0.0,1.0,0.0,1.0,1
734,0,23.0,0,0,13.0,1,1,1.0,0.0,0.0,1.0,1.0,0.0,0
335,0,33.0,0,0,7.8958,1,1,0.0,1.0,0.0,1.0,1.0,0.0,0
551,0,27.0,0,0,26.0,1,1,1.0,0.0,0.0,1.0,1.0,0.0,0
15,1,55.0,0,0,16.0,0,1,1.0,0.0,0.0,1.0,0.0,1.0,1
3,1,35.0,1,0,53.1,0,0,0.0,0.0,0.0,1.0,0.0,1.0,1
411,0,33.0,0,0,6.8583,1,1,0.0,1.0,1.0,0.0,1.0,0.0,0
256,1,33.0,0,0,79.2,0,1,0.0,0.0,0.0,0.0,0.0,1.0,1
451,0,33.0,1,0,19.9667,1,0,0.0,1.0,0.0,1.0,1.0,0.0,0
473,1,23.0,0,0,13.7917,0,1,1.0,0.0,0.0,0.0,0.0,1.0,1
697,1,33.0,0,0,7.7333,0,1,0.0,1.0,1.0,0.0,0.0,1.0,1
393,1,23.0,1,0,113.275,0,0,0.0,0.0,0.0,0.0,0.0,1.0,1
222,0,51.0,0,0,8.05,1,1,0.0,1.0,0.0,1.0,1.0,0.0,0
506,1,33.0,0,2,26.0,0,0,1.0,0.0,0.0,1.0,0.0,1.0,1
567,1,29.0,0,4,21.075,0,0,0.0,1.0,0.0,1.0,0.0,1.0,0
420,0,33.0,0,0,7.8958,1,1,0.0,1.0,0.0,0.0,1.0,0.0,0
324,0,33.0,8,2,69.55,1,0,0.0,1.0,0.0,1.0,1.0,0.0,0
530,1,2.0,1,1,26.0,0,0,1.0,0.0,0.0,1.0,0.0,0.0,1
9,1,14.0,1,0,30.0708,0,0,1.0,0.0,0.0,0.0,0.0,0.0,1
249,0,54.0,1,0,26.0,1,0,1.0,0.0,0.0,1.0,1.0,0.0,0
22,1,15.0,0,0,8.0292,0,1,0.0,1.0,1.0,0.0,0.0,0.0,1
356,1,22.0,0,1,55.0,0,0,0.0,0.0,0.0,1.0,0.0,1.0,1
221,0,27.0,0,0,13.0,1,1,1.0,0.0,0.0,1.0,1.0,0.0,0
601,0,33.0,0,0,7.8958,1,1,0.0,1.0,0.0,1.0,1.0,0.0,0
766,0,33.0,0,0,39.6,1,1,0.0,0.0,0.0,0.0,1.0,0.0,0
874,1,28.0,1,0,24.0,0,0,1.0,0.0,0.0,0.0,0.0,1.0,1
528,0,39.0,0,0,7.925,1,1,0.0,1.0,0.0,1.0,1.0,0.0,0
340,0,2.0,1,1,26.0,0,0,1.0,0.0,0.0,1.0,0.0,0.0,1
743,0,24.0,1,0,16.1,1,0,0.0,1.0,0.0,1.0,1.0,0.0,0
519,0,32.0,0,0,7.8958,1,1,0.0,1.0,0.0,1.0,1.0,0.0,0
203,0,45.5,0,0,7.225,1,1,0.0,1.0,0.0,0.0,1.0,0.0,0
237,1,8.0,0,2,26.25,0,0,1.0,0.0,0.0,1.0,0.0,0.0,1
93,0,26.0,1,2,20.575,1,0,0.0,1.0,0.0,1.0,1.0,0.0,0
730,1,29.0,0,0,211.3375,0,1,0.0,0.0,0.0,1.0,0.0,1.0,1
440,1,45.0,1,1,26.25,0,0,1.0,0.0,0.0,1.0,0.0,1.0,1
559,1,36.0,1,0,17.4,0,0,0.0,1.0,0.0,1.0,0.0,1.0,1
284,0,33.0,0,0,26.0,1,1,0.0,0.0,0.0,1.0,1.0,0.0,0
184,1,4.0,0,2,22.025,0,0,0.0,1.0,0.0,1.0,0.0,0.0,1
791,0,16.0,0,0,26.0,1,1,1.0,0.0,0.0,1.0,1.0,0.0,0
487,0,58.0,0,0,29.7,1,1,0.0,0.0,0.0,0.0,1.0,0.0,0
153,0,40.5,0,2,14.5,1,0,0.0,1.0,0.0,1.0,1.0,0.0,0
75,0,25.0,0,0,7.65,1,1,0.0,1.0,0.0,1.0,1.0,0.0,0
656,0,33.0,0,0,7.8958,1,1,0.0,1.0,0.0,1.0,1.0,0.0,0
631,0,51.0,0,0,7.0542,1,1,0.0,1.0,0.0,1.0,1.0,0.0,0
277,0,33.0,0,0,0.0,1,1,1.0,0.0,0.0,1.0,1.0,0.0,0
68,1,17.0,4,2,7.925,0,0,0.0,1.0,0.0,1.0,0.0,1.0,1
825,0,33.0,0,0,6.95,1,1,0.0,1.0,1.0,0.0,1.0,0.0,0
188,0,40.0,1,1,15.5,1,0,0.0,1.0,1.0,0.0,1.0,0.0,0
271,0,25.0,0,0,0.0,1,1,0.0,1.0,0.0,1.0,1.0,0.0,1
662,0,47.0,0,0,25.5875,1,1,0.0,0.0,0.0,1.0,1.0,0.0,0
711,0,33.0,0,0,26.55,1,1,0.0,0.0,0.0,1.0,1.0,0.0,0
236,0,44.0,1,0,26.0,1,0,1.0,0.0,0.0,1.0,1.0,0.0,0
88,1,23.0,3,2,263.0,0,0,0.0,0.0,0.0,1.0,0.0,1.0,1
757,0,18.0,0,0,11.5,1,1,1.0,0.0,0.0,1.0,1.0,0.0,0
117,0,29.0,1,0,21.0,1,0,1.0,0.0,0.0,1.0,1.0,0.0,0
125,0,12.0,1,0,11.2417,0,0,0.0,1.0,0.0,0.0,0.0,0.0,1
731,0,11.0,0,0,18.7875,0,1,0.0,1.0,0.0,0.0,0.0,0.0,0
289,1,22.0,0,0,7.75,0,1,0.0,1.0,1.0,0.0,0.0,1.0,1
238,0,19.0,0,0,10.5,1,1,1.0,0.0,0.0,1.0,1.0,0.0,0
0,0,22.0,1,0,7.25,1,0,0.0,1.0,0.0,1.0,1.0,0.0,0
881,0,33.0,0,0,7.8958,1,1,0.0,1.0,0.0,1.0,1.0,0.0,0
467,0,56.0,0,0,26.55,1,1,0.0,0.0,0.0,1.0,1.0,0.0,0
827,0,1.0,0,2,37.0042,0,0,1.0,0.0,0.0,0.0,0.0,0.0,1
395,0,22.0,0,0,7.7958,1,1,0.0,1.0,0.0,1.0,1.0,0.0,0
531,0,33.0,0,0,7.2292,1,1,0.0,1.0,0.0,0.0,1.0,0.0,0
126,0,33.0,0,0,7.75,1,1,0.0,1.0,1.0,0.0,1.0,0.0,0
278,0,7.0,4,1,29.125,0,0,0.0,1.0,1.0,0.0,0.0,0.0,0
691,1,4.0,0,1,13.4167,0,0,0.0,1.0,0.0,0.0,0.0,0.0,1
116,0,70.5,0,0,7.75,1,1,0.0,1.0,1.0,0.0,1.0,0.0,0
228,0,18.0,0,0,13.0,1,1,1.0,0.0,0.0,1.0,1.0,0.0,0
622,0,20.0,1,1,15.7417,1,0,0.0,1.0,0.0,0.0,1.0,0.0,1
655,0,24.0,2,0,73.5,1,0,1.0,0.0,0.0,1.0,1.0,0.0,0
598,0,33.0,0,0,7.225,1,1,0.0,1.0,0.0,0.0,1.0,0.0,0
516,1,34.0,0,0,10.5,0,1,1.0,0.0,0.0,1.0,0.0,1.0,1
274,1,33.0,0,0,7.75,0,1,0.0,1.0,1.0,0.0,0.0,1.0,1
318,1,31.0,0,2,164.8667,0,0,0.0,0.0,0.0,1.0,0.0,1.0,1
606,0,30.0,0,0,7.8958,1,1,0.0,1.0,0.0,1.0,1.0,0.0,0
144,0,18.0,0,0,11.5,1,1,1.0,0.0,0.0,1.0,1.0,0.0,0
634,1,9.0,3,2,27.9,0,0,0.0,1.0,0.0,1.0,0.0,0.0,0
558,1,39.0,1,1,79.65,0,0,0.0,0.0,0.0,1.0,0.0,1.0,1
809,1,33.0,1,0,53.1,0,0,0.0,0.0,0.0,1.0,0.0,1.0,1
745,0,70.0,1,1,71.0,1,0,0.0,0.0,0.0,1.0,1.0,0.0,0
369,1,24.0,0,0,69.3,0,1,0.0,0.0,0.0,0.0,0.0,1.0,1
268,1,58.0,0,1,153.4625,0,0,0.0,0.0,0.0,1.0,0.0,1.0,1
623,0,21.0,0,0,7.8542,1,1,0.0,1.0,0.0,1.0,1.0,0.0,0
307,1,17.0,1,0,108.9,0,0,0.0,0.0,0.0,0.0,0.0,1.0,1
423,1,28.0,1,1,14.4,0,0,0.0,1.0,0.0,1.0,0.0,1.0,0
310,1,24.0,0,0,83.1583,0,1,0.0,0.0,0.0,0.0,0.0,1.0,1
354,0,33.0,0,0,7.225,1,1,0.0,1.0,0.0,0.0,1.0,0.0,0
46,0,33.0,1,0,15.5,1,0,0.0,1.0,1.0,0.0,1.0,0.0,0
349,0,42.0,0,0,8.6625,1,1,0.0,1.0,0.0,1.0,1.0,0.0,0
371,0,18.0,1,0,6.4958,1,0,0.0,1.0,0.0,1.0,1.0,0.0,0
479,1,2.0,0,1,12.2875,0,0,0.0,1.0,0.0,1.0,0.0,0.0,1
576,1,34.0,0,0,13.0,0,1,1.0,0.0,0.0,1.0,0.0,1.0,1
261,0,3.0,4,2,31.3875,0,0,0.0,1.0,0.0,1.0,0.0,0.0,1
195,1,58.0,0,0,146.5208,0,1,0.0,0.0,0.0,0.0,0.0,1.0,1
890,0,32.0,0,0,7.75,1,1,0.0,1.0,1.0,0.0,1.0,0.0,0
744,0,31.0,0,0,7.925,1,1,0.0,1.0,0.0,1.0,1.0,0.0,1
107,0,33.0,0,0,7.775,1,1,0.0,1.0,0.0,1.0,1.0,0.0,1
866,1,27.0,1,0,13.8583,0,0,1.0,0.0,0.0,0.0,0.0,1.0,1
59,0,11.0,5,2,46.9,0,0,0.0,1.0,0.0,1.0,0.0,0.0,0
658,0,23.0,0,0,13.0,1,1,1.0,0.0,0.0,1.0,1.0,0.0,0
263,0,40.0,0,0,0.0,1,1,0.0,0.0,0.0,1.0,1.0,0.0,0
568,0,33.0,0,0,7.2292,1,1,0.0,1.0,0.0,0.0,1.0,0.0,0
100,1,28.0,0,0,7.8958,0,1,0.0,1.0,0.0,1.0,0.0,1.0,0
443,1,28.0,0,0,13.0,0,1,1.0,0.0,0.0,1.0,0.0,1.0,1
490,0,33.0,1,0,19.9667,1,0,0.0,1.0,0.0,1.0,1.0,0.0,0
687,0,19.0,0,0,10.1708,1,1,0.0,1.0,0.0,1.0,1.0,0.0,0
799,1,30.0,1,1,24.15,0,0,0.0,1.0,0.0,1.0,0.0,1.0,0
640,0,20.0,0,0,7.8542,1,1,0.0,1.0,0.0,1.0,1.0,0.0,0
169,0,28.0,0,0,56.4958,1,1,0.0,1.0,0.0,1.0,1.0,0.0,0
179,0,36.0,0,0,0.0,1,1,0.0,1.0,0.0,1.0,1.0,0.0,0
304,0,33.0,0,0,8.05,1,1,0.0,1.0,0.0,1.0,1.0,0.0,0
341,1,24.0,3,2,263.0,0,0,0.0,0.0,0.0,1.0,0.0,1.0,1
57,0,28.5,0,0,7.2292,1,1,0.0,1.0,0.0,0.0,1.0,0.0,0
858,1,24.0,0,3,19.2583,0,0,0.0,1.0,0.0,0.0,0.0,1.0,1
149,0,42.0,0,0,13.0,1,1,1.0,0.0,0.0,1.0,1.0,0.0,0
124,0,54.0,0,1,77.2875,1,0,0.0,0.0,0.0,1.0,1.0,0.0,0
703,0,25.0,0,0,7.7417,1,1,0.0,1.0,1.0,0.0,1.0,0.0,0
50,0,7.0,4,1,39.6875,0,0,0.0,1.0,0.0,1.0,0.0,0.0,0
353,0,25.0,1,0,17.8,1,0,0.0,1.0,0.0,1.0,1.0,0.0,0
823,1,27.0,0,1,12.475,0,0,0.0,1.0,0.0,1.0,0.0,1.0,1
142,1,24.0,1,0,15.85,0,0,0.0,1.0,0.0,1.0,0.0,1.0,1
470,0,33.0,0,0,7.25,1,1,0.0,1.0,0.0,1.0,1.0,0.0,0
399,1,28.0,0,0,12.65,0,1,1.0,0.0,0.0,1.0,0.0,1.0,1
575,0,19.0,0,0,14.5,1,1,0.0,1.0,0.0,1.0,1.0,0.0,0
320,0,22.0,0,0,7.25,1,1,0.0,1.0,0.0,1.0,1.0,0.0,0
19,1,33.0,0,0,7.225,0,1,0.0,1.0,0.0,0.0,0.0,1.0,1
792,1,33.0,8,2,69.55,0,0,0.0,1.0,0.0,1.0,0.0,1.0,0
707,0,42.0,0,0,26.2875,1,1,0.0,0.0,0.0,1.0,1.0,0.0,1
723,0,50.0,0,0,13.0,1,1,1.0,0.0,0.0,1.0,1.0,0.0,0
407,0,3.0,1,1,18.75,0,0,1.0,0.0,0.0,1.0,0.0,0.0,1
557,0,33.0,0,0,227.525,1,1,0.0,0.0,0.0,0.0,1.0,0.0,0
38,1,18.0,2,0,18.0,0,0,0.0,1.0,0.0,1.0,0.0,1.0,0
175,0,18.0,1,1,7.8542,1,0,0.0,1.0,0.0,1.0,1.0,0.0,0
245,0,44.0,2,0,90.0,1,0,0.0,0.0,1.0,0.0,1.0,0.0,0
740,0,33.0,0,0,30.0,1,1,0.0,0.0,0.0,1.0,1.0,0.0,1
602,0,33.0,0,0,42.4,1,1,0.0,0.0,0.0,1.0,1.0,0.0,0
768,0,33.0,1,0,24.15,1,0,0.0,1.0,1.0,0.0,1.0,0.0,0
764,0,16.0,0,0,7.775,1,1,0.0,1.0,0.0,1.0,1.0,0.0,0
154,0,33.0,0,0,7.3125,1,1,0.0,1.0,0.0,1.0,1.0,0.0,0
287,0,22.0,0,0,7.8958,1,1,0.0,1.0,0.0,1.0,1.0,0.0,0
750,1,4.0,1,1,23.0,0,0,1.0,0.0,0.0,1.0,0.0,0.0,1
17,0,33.0,0,0,13.0,1,1,1.0,0.0,0.0,1.0,1.0,0.0,1
127,0,24.0,0,0,7.1417,1,1,0.0,1.0,0.0,1.0,1.0,0.0,1
322,1,30.0,0,0,12.35,0,1,1.0,0.0,1.0,0.0,0.0,1.0,1
255,1,29.0,0,2,15.2458,0,0,0.0,1.0,0.0,0.0,0.0,1.0,1
770,0,24.0,0,0,9.5,1,1,0.0,1.0,0.0,1.0,1.0,0.0,0
856,1,45.0,1,1,164.8667,0,0,0.0,0.0,0.0,1.0,0.0,1.0,1
190,1,32.0,0,0,13.0,0,1,1.0,0.0,0.0,1.0,0.0,1.0,1
115,0,21.0,0,0,7.925,1,1,0.0,1.0,0.0,1.0,1.0,0.0,0
737,0,35.0,0,0,512.3292,1,1,0.0,0.0,0.0,0.0,1.0,0.0,1
180,1,33.0,8,2,69.55,0,0,0.0,1.0,0.0,1.0,0.0,1.0,0
301,0,33.0,2,0,23.25,1,0,0.0,1.0,1.0,0.0,1.0,0.0,1
679,0,36.0,0,1,512.3292,1,0,0.0,0.0,0.0,0.0,1.0,0.0,1
638,1,41.0,0,5,39.6875,0,0,0.0,1.0,0.0,1.0,0.0,1.0,0
649,1,23.0,0,0,7.55,0,1,0.0,1.0,0.0,1.0,0.0,1.0,1
616,0,34.0,1,1,14.4,1,0,0.0,1.0,0.0,1.0,1.0,0.0,0
596,1,33.0,0,0,33.0,0,1,1.0,0.0,0.0,1.0,0.0,1.0,1
517,0,33.0,0,0,24.15,1,1,0.0,1.0,1.0,0.0,1.0,0.0,0
875,1,15.0,0,0,7.225,0,1,0.0,1.0,0.0,0.0,0.0,0.0,1
45,0,33.0,0,0,8.05,1,1,0.0,1.0,0.0,1.0,1.0,0.0,0
807,1,18.0,0,0,7.775,0,1,0.0,1.0,0.0,1.0,0.0,1.0,0
157,0,30.0,0,0,8.05,1,1,0.0,1.0,0.0,1.0,1.0,0.0,0
665,0,32.0,2,0,73.5,1,0,1.0,0.0,0.0,1.0,1.0,0.0,0
171,0,4.0,4,1,29.125,0,0,0.0,1.0,1.0,0.0,0.0,0.0,0
16,0,2.0,4,1,29.125,0,0,0.0,1.0,1.0,0.0,0.0,0.0,0
511,0,33.0,0,0,8.05,1,1,0.0,1.0,0.0,1.0,1.0,0.0,0
48,0,33.0,2,0,21.6792,1,0,0.0,1.0,0.0,0.0,1.0,0.0,0
862,1,48.0,0,0,25.9292,0,1,0.0,0.0,0.0,1.0,0.0,1.0,1
749,0,31.0,0,0,7.75,1,1,0.0,1.0,1.0,0.0,1.0,0.0,0
515,0,47.0,0,0,34.0208,1,1,0.0,0.0,0.0,1.0,1.0,0.0,0
617,1,26.0,1,0,16.1,0,0,0.0,1.0,0.0,1.0,0.0,1.0,0
480,0,9.0,5,2,46.9,0,0,0.0,1.0,0.0,1.0,0.0,0.0,0
283,0,19.0,0,0,8.05,1,1,0.0,1.0,0.0,1.0,1.0,0.0,1
589,0,33.0,0,0,8.05,1,1,0.0,1.0,0.0,1.0,1.0,0.0,0
225,0,22.0,0,0,9.35,1,1,0.0,1.0,0.0,1.0,1.0,0.0,0
26,0,33.0,0,0,7.225,1,1,0.0,1.0,0.0,0.0,1.0,0.0,0
848,0,28.0,0,1,33.0,1,0,1.0,0.0,0.0,1.0,1.0,0.0,0
437,1,24.0,2,3,18.75,0,0,1.0,0.0,0.0,1.0,0.0,1.0,1
844,0,17.0,0,0,8.6625,1,1,0.0,1.0,0.0,1.0,1.0,0.0,0
364,0,33.0,1,0,15.5,1,0,0.0,1.0,1.0,0.0,1.0,0.0,0
229,1,33.0,3,1,25.4667,0,0,0.0,1.0,0.0,1.0,0.0,1.0,0
37,0,21.0,0,0,8.05,1,1,0.0,1.0,0.0,1.0,1.0,0.0,0
857,0,51.0,0,0,26.55,1,1,0.0,0.0,0.0,1.0,1.0,0.0,1
374,1,3.0,3,1,21.075,0,0,0.0,1.0,0.0,1.0,0.0,0.0,0
469,1,0.75,2,1,19.2583,0,0,0.0,1.0,0.0,0.0,0.0,0.0,1
859,0,33.0,0,0,7.2292,1,1,0.0,1.0,0.0,0.0,1.0,0.0,0
758,0,34.0,0,0,8.05,1,1,0.0,1.0,0.0,1.0,1.0,0.0,0
651,1,18.0,0,1,23.0,0,0,1.0,0.0,0.0,1.0,0.0,1.0,1
194,1,44.0,0,0,27.7208,0,1,0.0,0.0,0.0,0.0,0.0,1.0,1
760,0,33.0,0,0,14.5,1,1,0.0,1.0,0.0,1.0,1.0,0.0,0
868,0,33.0,0,0,9.5,1,1,0.0,1.0,0.0,1.0,1.0,0.0,0
503,1,37.0,0,0,9.5875,0,1,0.0,1.0,0.0,1.0,0.0,1.0,0
861,0,21.0,1,0,11.5,1,0,1.0,0.0,0.0,1.0,1.0,0.0,0
741,0,36.0,1,0,78.85,1,0,0.0,0.0,0.0,1.0,1.0,0.0,0
579,0,32.0,0,0,7.925,1,1,0.0,1.0,0.0,1.0,1.0,0.0,1
888,1,33.0,1,2,23.45,0,0,0.0,1.0,0.0,1.0,0.0,1.0,0
162,0,26.0,0,0,7.775,1,1,0.0,1.0,0.0,1.0,1.0,0.0,0
630,0,80.0,0,0,30.0,1,1,0.0,0.0,0.0,1.0,1.0,0.0,1
152,0,55.5,0,0,8.05,1,1,0.0,1.0,0.0,1.0,1.0,0.0,0
684,0,60.0,1,1,39.0,1,0,1.0,0.0,0.0,1.0,1.0,0.0,0
629,0,33.0,0,0,7.7333,1,1,0.0,1.0,1.0,0.0,1.0,0.0,0
675,0,18.0,0,0,7.775,1,1,0.0,1.0,0.0,1.0,1.0,0.0,0
111,1,14.5,1,0,14.4542,0,0,0.0,1.0,0.0,0.0,0.0,0.0,0
226,0,19.0,0,0,10.5,1,1,1.0,0.0,0.0,1.0,1.0,0.0,1
618,1,4.0,2,1,39.0,0,0,1.0,0.0,0.0,1.0,0.0,0.0,1
103,0,33.0,0,0,8.6542,1,1,0.0,1.0,0.0,1.0,1.0,0.0,0
421,0,21.0,0,0,7.7333,1,1,0.0,1.0,1.0,0.0,1.0,0.0,0
419,1,10.0,0,2,24.15,0,0,0.0,1.0,0.0,1.0,0.0,0.0,0
586,0,47.0,0,0,15.0,1,1,1.0,0.0,0.0,1.0,1.0,0.0,0
119,1,2.0,4,2,31.275,0,0,0.0,1.0,0.0,1.0,0.0,0.0,0
53,1,29.0,1,0,26.0,0,0,1.0,0.0,0.0,1.0,0.0,1.0,1
151,1,22.0,1,0,66.6,0,0,0.0,0.0,0.0,1.0,0.0,1.0,1
403,0,28.0,1,0,15.85,1,0,0.0,1.0,0.0,1.0,1.0,0.0,0
839,0,33.0,0,0,29.7,1,1,0.0,0.0,0.0,0.0,1.0,0.0,1
207,0,26.0,0,0,18.7875,1,1,0.0,1.0,0.0,0.0,1.0,0.0,1
752,0,33.0,0,0,9.5,1,1,0.0,1.0,0.0,1.0,1.0,0.0,0
717,1,27.0,0,0,10.5,0,1,1.0,0.0,0.0,1.0,0.0,1.0,1
8,1,27.0,0,2,11.1333,0,0,0.0,1.0,0.0,1.0,0.0,1.0,1
722,0,34.0,0,0,13.0,1,1,1.0,0.0,0.0,1.0,1.0,0.0,0
36,0,33.0,0,0,7.2292,1,1,0.0,1.0,0.0,0.0,1.0,0.0,1
452,0,30.0,0,0,27.75,1,1,0.0,0.0,0.0,0.0,1.0,0.0,0
253,0,30.0,1,0,16.1,1,0,0.0,1.0,0.0,1.0,1.0,0.0,0
303,1,33.0,0,0,12.35,0,1,1.0,0.0,1.0,0.0,0.0,1.0,1
667,0,33.0,0,0,7.775,1,1,0.0,1.0,0.0,1.0,1.0,0.0,0
571,1,53.0,2,0,51.4792,0,0,0.0,0.0,0.0,1.0,0.0,1.0,1
636,0,32.0,0,0,7.925,1,1,0.0,1.0,0.0,1.0,1.0,0.0,0
714,0,52.0,0,0,13.0,1,1,1.0,0.0,0.0,1.0,1.0,0.0,0
262,0,52.0,1,1,79.65,1,0,0.0,0.0,0.0,1.0,1.0,0.0,0
610,1,39.0,1,5,31.275,0,0,0.0,1.0,0.0,1.0,0.0,1.0,0
297,1,2.0,1,2,151.55,0,0,0.0,0.0,0.0,1.0,0.0,0.0,0
414,0,44.0,0,0,7.925,1,1,0.0,1.0,0.0,1.0,1.0,0.0,1
150,0,51.0,0,0,12.525,1,1,1.0,0.0,0.0,1.0,1.0,0.0,0
705,0,39.0,0,0,26.0,1,1,1.0,0.0,0.0,1.0,1.0,0.0,0
789,0,46.0,0,0,79.2,1,1,0.0,0.0,0.0,0.0,1.0,0.0,0
550,0,17.0,0,2,110.8833,1,0,0.0,0.0,0.0,0.0,1.0,0.0,1
488,0,30.0,0,0,8.05,1,1,0.0,1.0,0.0,1.0,1.0,0.0,0
147,1,9.0,2,2,34.375,0,0,0.0,1.0,0.0,1.0,0.0,0.0,0
146,0,27.0,0,0,7.7958,1,1,0.0,1.0,0.0,1.0,1.0,0.0,1
836,0,21.0,0,0,8.6625,1,1,0.0,1.0,0.0,1.0,1.0,0.0,0
826,0,33.0,0,0,56.4958,1,1,0.0,1.0,0.0,1.0,1.0,0.0,0
870,0,26.0,0,0,7.8958,1,1,0.0,1.0,0.0,1.0,1.0,0.0,0
348,0,3.0,1,1,15.9,0,0,0.0,1.0,0.0,1.0,0.0,0.0,1
463,0,48.0,0,0,13.0,1,1,1.0,0.0,0.0,1.0,1.0,0.0,0
325,1,36.0,0,0,135.6333,0,1,0.0,0.0,0.0,0.0,0.0,1.0,1
186,1,33.0,1,0,15.5,0,0,0.0,1.0,1.0,0.0,0.0,1.0,1
123,1,32.5,0,0,13.0,0,1,1.0,0.0,0.0,1.0,0.0,1.0,1
759,1,33.0,0,0,86.5,0,1,0.0,0.0,0.0,1.0,0.0,1.0,1
608,1,22.0,1,2,41.5792,0,0,1.0,0.0,0.0,0.0,0.0,1.0,1
143,0,19.0,0,0,6.75,1,1,0.0,1.0,1.0,0.0,1.0,0.0,0
851,0,74.0,0,0,7.775,1,1,0.0,1.0,0.0,1.0,1.0,0.0,0
197,0,42.0,0,1,8.4042,1,0,0.0,1.0,0.0,1.0,1.0,0.0,0
609,1,40.0,0,0,153.4625,0,1,0.0,0.0,0.0,1.0,0.0,1.0,1
279,1,35.0,1,1,20.25,0,0,0.0,1.0,0.0,1.0,0.0,1.0,1
293,1,24.0,0,0,8.85,0,1,0.0,1.0,0.0,1.0,0.0,1.0,0
400,0,39.0,0,0,7.925,1,1,0.0,1.0,0.0,1.0,1.0,0.0,1
122,0,32.5,1,0,30.0708,1,0,1.0,0.0,0.0,0.0,1.0,0.0,0
183,0,1.0,2,1,39.0,0,0,1.0,0.0,0.0,1.0,0.0,0.0,1
202,0,34.0,0,0,6.4958,1,1,0.0,1.0,0.0,1.0,1.0,0.0,0
438,0,64.0,1,4,263.0,1,0,0.0,0.0,0.0,1.0,1.0,0.0,0
246,1,25.0,0,0,7.775,0,1,0.0,1.0,0.0,1.0,0.0,1.0,0
415,1,33.0,0,0,8.05,0,1,0.0,1.0,0.0,1.0,0.0,1.0,0
788,0,1.0,1,2,20.575,0,0,0.0,1.0,0.0,1.0,0.0,0.0,1
129,0,45.0,0,0,6.975,1,1,0.0,1.0,0.0,1.0,1.0,0.0,0
637,0,31.0,1,1,26.25,1,0,1.0,0.0,0.0,1.0,1.0,0.0,0
402,1,21.0,1,0,9.825,0,0,0.0,1.0,0.0,1.0,0.0,1.0,0
794,0,25.0,0,0,7.8958,1,1,0.0,1.0,0.0,1.0,1.0,0.0,0
689,1,15.0,0,1,211.3375,0,0,0.0,0.0,0.0,1.0,0.0,0.0,1
810,0,26.0,0,0,7.8875,1,1,0.0,1.0,0.0,1.0,1.0,0.0,0
219,0,30.0,0,0,10.5,1,1,1.0,0.0,0.0,1.0,1.0,0.0,0
641,1,24.0,0,0,69.3,0,1,0.0,0.0,0.0,0.0,0.0,1.0,1
812,0,35.0,0,0,10.5,1,1,1.0,0.0,0.0,1.0,1.0,0.0,0
672,0,70.0,0,0,10.5,1,1,1.0,0.0,0.0,1.0,1.0,0.0,0
815,0,33.0,0,0,0.0,1,1,0.0,0.0,0.0,1.0,1.0,0.0,0
624,0,21.0,0,0,16.1,1,1,0.0,1.0,0.0,1.0,1.0,0.0,0
855,1,18.0,0,1,9.35,0,0,0.0,1.0,0.0,1.0,0.0,1.0,1
680,1,33.0,0,0,8.1375,0,1,0.0,1.0,1.0,0.0,0.0,1.0,0
386,0,1.0,5,2,46.9,0,0,0.0,1.0,0.0,1.0,0.0,0.0,0
863,1,33.0,8,2,69.55,0,0,0.0,1.0,0.0,1.0,0.0,1.0,0
509,0,26.0,0,0,56.4958,1,1,0.0,1.0,0.0,1.0,1.0,0.0,1
267,0,25.0,1,0,7.775,1,0,0.0,1.0,0.0,1.0,1.0,0.0,1
732,0,33.0,0,0,0.0,1,1,1.0,0.0,0.0,1.0,1.0,0.0,0
441,0,20.0,0,0,9.5,1,1,0.0,1.0,0.0,1.0,1.0,0.0,0
496,1,54.0,1,0,78.2667,0,0,0.0,0.0,0.0,0.0,0.0,1.0,1
112,0,22.0,0,0,8.05,1,1,0.0,1.0,0.0,1.0,1.0,0.0,0
232,0,59.0,0,0,13.5,1,1,1.0,0.0,0.0,1.0,1.0,0.0,0
774,1,54.0,1,3,23.0,0,0,1.0,0.0,0.0,1.0,0.0,1.0,1
607,0,27.0,0,0,30.5,1,1,0.0,0.0,0.0,1.0,1.0,0.0,1
671,0,31.0,1,0,52.0,1,0,0.0,0.0,0.0,1.0,1.0,0.0,0
373,0,22.0,0,0,135.6333,1,1,0.0,0.0,0.0,0.0,1.0,0.0,0
872,0,33.0,0,0,5.0,1,1,0.0,0.0,0.0,1.0,1.0,0.0,0
751,0,6.0,0,1,12.475,0,0,0.0,1.0,0.0,1.0,0.0,0.0,1
233,1,5.0,4,2,31.3875,0,0,0.0,1.0,0.0,1.0,0.0,0.0,1
806,0,39.0,0,0,0.0,1,1,0.0,0.0,0.0,1.0,1.0,0.0,0
676,0,24.5,0,0,8.05,1,1,0.0,1.0,0.0,1.0,1.0,0.0,0
317,0,54.0,0,0,14.0,1,1,1.0,0.0,0.0,1.0,1.0,0.0,0
648,0,33.0,0,0,7.55,1,1,0.0,1.0,0.0,1.0,1.0,0.0,0
410,0,33.0,0,0,7.8958,1,1,0.0,1.0,0.0,1.0,1.0,0.0,0
798,0,30.0,0,0,7.2292,1,1,0.0,1.0,0.0,0.0,1.0,0.0,0
358,1,33.0,0,0,7.8792,0,1,0.0,1.0,1.0,0.0,0.0,1.0,1
258,1,35.0,0,0,512.3292,0,1,0.0,0.0,0.0,0.0,0.0,1.0,1
627,1,21.0,0,0,77.9583,0,1,0.0,0.0,0.0,1.0,0.0,1.0,1
632,0,32.0,0,0,30.5,1,1,0.0,0.0,0.0,0.0,1.0,0.0,1
282,0,16.0,0,0,9.5,1,1,0.0,1.0,0.0,1.0,1.0,0.0,0
376,1,22.0,0,0,7.25,0,1,0.0,1.0,0.0,1.0,0.0,1.0,1
384,0,33.0,0,0,7.8958,1,1,0.0,1.0,0.0,1.0,1.0,0.0,0
224,0,38.0,1,0,90.0,1,0,0.0,0.0,0.0,1.0,1.0,0.0,1
846,0,33.0,8,2,69.55,1,0,0.0,1.0,0.0,1.0,1.0,0.0,0
728,0,25.0,1,0,26.0,1,0,1.0,0.0,0.0,1.0,1.0,0.0,0
472,1,33.0,1,2,27.75,0,0,1.0,0.0,0.0,1.0,0.0,1.0,1
347,1,33.0,1,0,16.1,0,0,0.0,1.0,0.0,1.0,0.0,1.0,1
505,0,18.0,1,0,108.9,1,0,0.0,0.0,0.0,0.0,1.0,0.0,0
639,0,33.0,1,0,16.1,1,0,0.0,1.0,0.0,1.0,1.0,0.0,0
878,0,33.0,0,0,7.8958,1,1,0.0,1.0,0.0,1.0,1.0,0.0,0
824,0,2.0,4,1,39.6875,0,0,0.0,1.0,0.0,1.0,0.0,0.0,0
803,0,0.42,0,1,8.5167,0,0,0.0,1.0,0.0,0.0,0.0,0.0,1
619,0,26.0,0,0,10.5,1,1,1.0,0.0,0.0,1.0,1.0,0.0,0
761,0,41.0,0,0,7.125,1,1,0.0,1.0,0.0,1.0,1.0,0.0,0
645,0,48.0,1,0,76.7292,1,0,0.0,0.0,0.0,0.0,1.0,0.0,1
754,1,48.0,1,2,65.0,0,0,1.0,0.0,0.0,1.0,0.0,1.0,1
556,1,48.0,1,0,39.6,0,0,0.0,0.0,0.0,0.0,0.0,1.0,1
850,0,4.0,4,2,31.275,0,0,0.0,1.0,0.0,1.0,0.0,0.0,0
577,1,39.0,1,0,55.9,0,0,0.0,0.0,0.0,1.0,0.0,1.0,1
85,1,33.0,3,0,15.85,0,0,0.0,1.0,0.0,1.0,0.0,1.0,1
242,0,29.0,0,0,10.5,1,1,1.0,0.0,0.0,1.0,1.0,0.0,0
698,0,49.0,1,1,110.8833,1,0,0.0,0.0,0.0,0.0,1.0,0.0,0
159,0,33.0,8,2,69.55,1,0,0.0,1.0,0.0,1.0,1.0,0.0,0
524,0,33.0,0,0,7.2292,1,1,0.0,1.0,0.0,0.0,1.0,0.0,0
35,0,42.0,1,0,52.0,1,0,0.0,0.0,0.0,1.0,1.0,0.0,0
540,1,36.0,0,2,71.0,0,0,0.0,0.0,0.0,1.0,0.0,1.0,1
170,0,61.0,0,0,33.5,1,1,0.0,0.0,0.0,1.0,1.0,0.0,0
654,1,18.0,0,0,6.75,0,1,0.0,1.0,1.0,0.0,0.0,1.0,0
786,1,18.0,0,0,7.4958,0,1,0.0,1.0,0.0,1.0,0.0,1.0,1
755,0,0.67,1,1,14.5,0,0,1.0,0.0,0.0,1.0,0.0,0.0,1
838,0,32.0,0,0,56.4958,1,1,0.0,1.0,0.0,1.0,1.0,0.0,1
95,0,33.0,0,0,8.05,1,1,0.0,1.0,0.0,1.0,1.0,0.0,0
563,0,33.0,0,0,8.05,1,1,0.0,1.0,0.0,1.0,1.0,0.0,0
240,1,33.0,1,0,14.4542,0,0,0.0,1.0,0.0,0.0,0.0,1.0,0
574,0,16.0,0,0,8.05,1,1,0.0,1.0,0.0,1.0,1.0,0.0,0
690,0,31.0,1,0,57.0,1,0,0.0,0.0,0.0,1.0,1.0,0.0,1
460,0,48.0,0,0,26.55,1,1,0.0,0.0,0.0,1.0,1.0,0.0,1
553,0,22.0,0,0,7.225,1,1,0.0,1.0,0.0,0.0,1.0,0.0,1
780,1,13.0,0,0,7.2292,0,1,0.0,1.0,0.0,0.0,0.0,0.0,1
206,0,32.0,1,0,15.85,1,0,0.0,1.0,0.0,1.0,1.0,0.0,0
392,0,28.0,2,0,7.925,1,0,0.0,1.0,0.0,1.0,1.0,0.0,0
397,0,46.0,0,0,26.0,1,1,1.0,0.0,0.0,1.0,1.0,0.0,0
756,0,28.0,0,0,7.7958,1,1,0.0,1.0,0.0,1.0,1.0,0.0,0
217,0,42.0,1,0,27.0,1,0,1.0,0.0,0.0,1.0,1.0,0.0,0
4,0,35.0,0,0,8.05,1,1,0.0,1.0,0.0,1.0,1.0,0.0,0
642,1,2.0,3,2,27.9,0,0,0.0,1.0,0.0,1.0,0.0,0.0,0
797,1,31.0,0,0,8.6833,0,1,0.0,1.0,0.0,1.0,0.0,1.0,1
612,1,33.0,1,0,15.5,0,0,0.0,1.0,1.0,0.0,0.0,1.0,1
738,0,33.0,0,0,7.8958,1,1,0.0,1.0,0.0,1.0,1.0,0.0,0
546,1,19.0,1,0,26.0,0,0,1.0,0.0,0.0,1.0,0.0,1.0,1
725,0,20.0,0,0,8.6625,1,1,0.0,1.0,0.0,1.0,1.0,0.0,0
683,0,14.0,5,2,46.9,0,0,0.0,1.0,0.0,1.0,0.0,0.0,0
98,1,34.0,0,1,23.0,0,0,1.0,0.0,0.0,1.0,0.0,1.0,1
727,1,33.0,0,0,7.7375,0,1,0.0,1.0,1.0,0.0,0.0,1.0,1
573,1,33.0,0,0,7.75,0,1,0.0,1.0,1.0,0.0,0.0,1.0,1
406,0,51.0,0,0,7.75,1,1,0.0,1.0,0.0,1.0,1.0,0.0,0
502,1,33.0,0,0,7.6292,0,1,0.0,1.0,1.0,0.0,0.0,1.0,0
47,1,33.0,0,0,7.75,0,1,0.0,1.0,1.0,0.0,0.0,1.0,1
32,1,33.0,0,0,7.75,0,1,0.0,1.0,1.0,0.0,0.0,1.0,1
200,0,28.0,0,0,9.5,1,1,0.0,1.0,0.0,1.0,1.0,0.0,0
134,0,25.0,0,0,13.0,1,1,1.0,0.0,0.0,1.0,1.0,0.0,0
27,0,19.0,3,2,263.0,1,0,0.0,0.0,0.0,1.0,1.0,0.0,0
847,0,35.0,0,0,7.8958,1,1,0.0,1.0,0.0,0.0,1.0,0.0,0
230,1,35.0,1,0,83.475,0,0,0.0,0.0,0.0,1.0,0.0,1.0,1
489,0,9.0,1,1,15.9,0,0,0.0,1.0,0.0,1.0,0.0,0.0,1
378,0,20.0,0,0,4.0125,1,1,0.0,1.0,0.0,0.0,1.0,0.0,0
288,0,42.0,0,0,13.0,1,1,1.0,0.0,0.0,1.0,1.0,0.0,1
418,0,30.0,0,0,13.0,1,1,1.0,0.0,0.0,1.0,1.0,0.0,0
674,0,33.0,0,0,0.0,1,1,1.0,0.0,0.0,1.0,1.0,0.0,0
391,0,21.0,0,0,7.7958,1,1,0.0,1.0,0.0,1.0,1.0,0.0,1
592,0,47.0,0,0,7.25,1,1,0.0,1.0,0.0,1.0,1.0,0.0,0
498,1,25.0,1,2,151.55,0,0,0.0,0.0,0.0,1.0,0.0,1.0,0
138,0,16.0,0,0,9.2167,1,1,0.0,1.0,0.0,1.0,1.0,0.0,0
62,0,45.0,1,0,83.475,1,0,0.0,0.0,0.0,1.0,1.0,0.0,0
471,0,38.0,0,0,8.6625,1,1,0.0,1.0,0.0,1.0,1.0,0.0,0
647,0,56.0,0,0,35.5,1,1,0.0,0.0,0.0,0.0,1.0,0.0,1
128,1,33.0,1,1,22.3583,0,0,0.0,1.0,0.0,0.0,0.0,1.0,1
867,0,31.0,0,0,50.4958,1,1,0.0,0.0,0.0,1.0,1.0,0.0,0
520,1,30.0,0,0,93.5,0,1,0.0,0.0,0.0,1.0,0.0,1.0,1
64,0,33.0,0,0,27.7208,1,1,0.0,0.0,0.0,0.0,1.0,0.0,0
14,1,14.0,0,0,7.8542,0,1,0.0,1.0,0.0,1.0,0.0,0.0,0
156,1,16.0,0,0,7.7333,0,1,0.0,1.0,1.0,0.0,0.0,1.0,1
40,1,40.0,1,0,9.475,0,0,0.0,1.0,0.0,1.0,0.0,1.0,0
492,0,55.0,0,0,30.5,1,1,0.0,0.0,0.0,1.0,1.0,0.0,0
379,0,19.0,0,0,7.775,1,1,0.0,1.0,0.0,1.0,1.0,0.0,0
187,0,45.0,0,0,26.55,1,1,0.0,0.0,0.0,1.0,1.0,0.0,1
763,1,36.0,1,2,120.0,0,0,0.0,0.0,0.0,1.0,0.0,1.0,1
216,1,27.0,0,0,7.925,0,1,0.0,1.0,0.0,1.0,0.0,1.0,1
52,1,49.0,1,0,76.7292,0,0,0.0,0.0,0.0,0.0,0.0,1.0,1
337,1,41.0,0,0,134.5,0,1,0.0,0.0,0.0,0.0,0.0,1.0,1
748,0,19.0,1,0,53.1,1,0,0.0,0.0,0.0,1.0,1.0,0.0,0
719,0,33.0,0,0,7.775,1,1,0.0,1.0,0.0,1.0,1.0,0.0,0
724,0,27.0,1,0,53.1,1,0,0.0,0.0,0.0,1.0,1.0,0.0,1
295,0,33.0,0,0,27.7208,1,1,0.0,0.0,0.0,0.0,1.0,0.0,0
701,0,35.0,0,0,26.2875,1,1,0.0,0.0,0.0,1.0,1.0,0.0,1
251,1,29.0,1,1,10.4625,0,0,0.0,1.0,0.0,1.0,0.0,1.0,0
726,1,30.0,3,0,21.0,0,0,1.0,0.0,0.0,1.0,0.0,1.0,1
461,0,34.0,0,0,8.05,1,1,0.0,1.0,0.0,1.0,1.0,0.0,0
455,0,29.0,0,0,7.8958,1,1,0.0,1.0,0.0,0.0,1.0,0.0,1
887,1,19.0,0,0,30.0,0,1,0.0,0.0,0.0,1.0,0.0,1.0,1
269,1,35.0,0,0,135.6333,0,1,0.0,0.0,0.0,1.0,0.0,1.0,1
201,0,33.0,8,2,69.55,1,0,0.0,1.0,0.0,1.0,1.0,0.0,0
161,1,40.0,0,0,15.75,0,1,1.0,0.0,0.0,1.0,0.0,1.0,1
555,0,62.0,0,0,26.55,1,1,0.0,0.0,0.0,1.0,1.0,0.0,0
729,1,25.0,1,0,7.925,0,0,0.0,1.0,0.0,1.0,0.0,1.0,0
401,0,26.0,0,0,8.05,1,1,0.0,1.0,0.0,1.0,1.0,0.0,0
702,1,18.0,0,1,14.4542,0,0,0.0,1.0,0.0,0.0,0.0,1.0,0
476,0,34.0,1,0,21.0,1,0,1.0,0.0,0.0,1.0,1.0,0.0,0
771,0,48.0,0,0,7.8542,1,1,0.0,1.0,0.0,1.0,1.0,0.0,0
105,0,28.0,0,0,7.8958,1,1,0.0,1.0,0.0,1.0,1.0,0.0,0
565,0,24.0,2,0,24.15,1,0,0.0,1.0,0.0,1.0,1.0,0.0,0
389,1,17.0,0,0,12.0,0,1,1.0,0.0,0.0,0.0,0.0,1.0,1
1,1,38.0,1,0,71.2833,0,0,0.0,0.0,0.0,0.0,0.0,1.0,1
832,0,33.0,0,0,7.2292,1,1,0.0,1.0,0.0,0.0,1.0,0.0,0
561,0,40.0,0,0,7.8958,1,1,0.0,1.0,0.0,1.0,1.0,0.0,0
80,0,22.0,0,0,9.0,1,1,0.0,1.0,0.0,1.0,1.0,0.0,0
205,1,2.0,0,1,10.4625,0,0,0.0,1.0,0.0,1.0,0.0,0.0,0
34,0,28.0,1,0,82.1708,1,0,0.0,0.0,0.0,0.0,1.0,0.0,0
775,0,18.0,0,0,7.75,1,1,0.0,1.0,0.0,1.0,1.0,0.0,0
508,0,28.0,0,0,22.525,1,1,0.0,1.0,0.0,1.0,1.0,0.0,0
427,1,19.0,0,0,26.0,0,1,1.0,0.0,0.0,1.0,0.0,1.0,1
454,0,33.0,0,0,8.05,1,1,0.0,1.0,0.0,1.0,1.0,0.0,0
366,1,60.0,1,0,75.25,0,0,0.0,0.0,0.0,0.0,0.0,1.0,1
91,0,20.0,0,0,7.8542,1,1,0.0,1.0,0.0,1.0,1.0,0.0,0
339,0,45.0,0,0,35.5,1,1,0.0,0.0,0.0,1.0,1.0,0.0,0
564,1,33.0,0,0,8.05,0,1,0.0,1.0,0.0,1.0,0.0,1.0,0
345,1,24.0,0,0,13.0,0,1,1.0,0.0,0.0,1.0,0.0,1.0,1
776,0,33.0,0,0,7.75,1,1,0.0,1.0,1.0,0.0,1.0,0.0,0
241,1,33.0,1,0,15.5,0,0,0.0,1.0,1.0,0.0,0.0,1.0,1
13,0,39.0,1,5,31.275,1,0,0.0,1.0,0.0,1.0,1.0,0.0,0
315,1,26.0,0,0,7.8542,0,1,0.0,1.0,0.0,1.0,0.0,1.0,1
600,1,24.0,2,1,27.0,0,0,1.0,0.0,0.0,1.0,0.0,1.0,1
387,1,36.0,0,0,13.0,0,1,1.0,0.0,0.0,1.0,0.0,1.0,1
273,0,37.0,0,1,29.7,1,0,0.0,0.0,0.0,0.0,1.0,0.0,0
166,1,33.0,0,1,55.0,0,0,0.0,0.0,0.0,1.0,0.0,1.0,1
883,0,28.0,0,0,10.5,1,1,1.0,0.0,0.0,1.0,1.0,0.0,0
646,0,19.0,0,0,7.8958,1,1,0.0,1.0,0.0,1.0,1.0,0.0,0
818,0,43.0,0,0,6.45,1,1,0.0,1.0,0.0,1.0,1.0,0.0,0
484,0,25.0,1,0,91.0792,1,0,0.0,0.0,0.0,0.0,1.0,0.0,1
873,0,47.0,0,0,9.0,1,1,0.0,1.0,0.0,1.0,1.0,0.0,0
504,1,16.0,0,0,86.5,0,1,0.0,0.0,0.0,1.0,0.0,1.0,1
831,0,0.83,1,1,18.75,0,0,1.0,0.0,0.0,1.0,0.0,0.0,1
243,0,22.0,0,0,7.125,1,1,0.0,1.0,0.0,1.0,1.0,0.0,0
566,0,19.0,0,0,7.8958,1,1,0.0,1.0,0.0,1.0,1.0,0.0,0
562,0,28.0,0,0,13.5,1,1,1.0,0.0,0.0,1.0,1.0,0.0,0
686,0,14.0,4,1,39.6875,0,0,0.0,1.0,0.0,1.0,0.0,0.0,0
189,0,36.0,0,0,7.8958,1,1,0.0,1.0,0.0,1.0,1.0,0.0,0
782,0,29.0,0,0,30.0,1,1,0.0,0.0,0.0,1.0,1.0,0.0,0
699,0,42.0,0,0,7.65,1,1,0.0,1.0,0.0,1.0,1.0,0.0,0
475,0,33.0,0,0,52.0,1,1,0.0,0.0,0.0,1.0,1.0,0.0,0
681,0,27.0,0,0,76.7292,1,1,0.0,0.0,0.0,0.0,1.0,0.0,1
510,0,29.0,0,0,7.75,1,1,0.0,1.0,1.0,0.0,1.0,0.0,1
58,1,5.0,1,2,27.75,0,0,1.0,0.0,0.0,1.0,0.0,0.0,1
474,1,22.0,0,0,9.8375,0,1,0.0,1.0,0.0,1.0,0.0,1.0,0
560,0,33.0,0,0,7.75,1,1,0.0,1.0,1.0,0.0,1.0,0.0,0
747,1,30.0,0,0,13.0,0,1,1.0,0.0,0.0,1.0,0.0,1.0,1
252,0,62.0,0,0,26.55,1,1,0.0,0.0,0.0,1.0,1.0,0.0,0
21,0,34.0,0,0,13.0,1,1,1.0,0.0,0.0,1.0,1.0,0.0,1
313,0,28.0,0,0,7.8958,1,1,0.0,1.0,0.0,1.0,1.0,0.0,0
459,0,33.0,0,0,7.75,1,1,0.0,1.0,1.0,0.0,1.0,0.0,0
160,0,44.0,0,1,16.1,1,0,0.0,1.0,0.0,1.0,1.0,0.0,0
276,1,45.0,0,0,7.75,0,1,0.0,1.0,0.0,1.0,0.0,1.0,0
191,0,19.0,0,0,13.0,1,1,1.0,0.0,0.0,1.0,1.0,0.0,0
385,0,18.0,0,0,73.5,1,1,1.0,0.0,0.0,1.0,1.0,0.0,0
805,0,31.0,0,0,7.775,1,1,0.0,1.0,0.0,1.0,1.0,0.0,0
413,0,33.0,0,0,0.0,1,1,1.0,0.0,0.0,1.0,1.0,0.0,0
491,0,21.0,0,0,7.25,1,1,0.0,1.0,0.0,1.0,1.0,0.0,0
343,0,25.0,0,0,13.0,1,1,1.0,0.0,0.0,1.0,1.0,0.0,0
769,0,32.0,0,0,8.3625,1,1,0.0,1.0,0.0,1.0,1.0,0.0,0
308,0,30.0,1,0,24.0,1,0,1.0,0.0,0.0,0.0,1.0,0.0,0
661,0,40.0,0,0,7.225,1,1,0.0,1.0,0.0,0.0,1.0,0.0,0
130,0,33.0,0,0,7.8958,1,1,0.0,1.0,0.0,0.0,1.0,0.0,0
663,0,36.0,0,0,7.4958,1,1,0.0,1.0,0.0,1.0,1.0,0.0,0
871,1,47.0,1,1,52.5542,0,0,0.0,0.0,0.0,1.0,0.0,1.0,1
99,0,34.0,1,0,26.0,1,0,1.0,0.0,0.0,1.0,1.0,0.0,0
372,0,19.0,0,0,8.05,1,1,0.0,1.0,0.0,1.0,1.0,0.0,0
87,0,33.0,0,0,8.05,1,1,0.0,1.0,0.0,1.0,1.0,0.0,0
458,1,50.0,0,0,10.5,0,1,1.0,0.0,0.0,1.0,0.0,1.0,1
330,1,33.0,2,0,23.25,0,0,0.0,1.0,1.0,0.0,0.0,1.0,1
214,0,33.0,1,0,7.75,1,0,0.0,1.0,1.0,0.0,1.0,0.0,0
466,0,33.0,0,0,0.0,1,1,1.0,0.0,0.0,1.0,1.0,0.0,0
121,0,33.0,0,0,8.05,1,1,0.0,1.0,0.0,1.0,1.0,0.0,0
614,0,35.0,0,0,8.05,1,1,0.0,1.0,0.0,1.0,1.0,0.0,0
20,0,35.0,0,0,26.0,1,1,1.0,0.0,0.0,1.0,1.0,0.0,0
700,1,18.0,1,0,227.525,0,0,0.0,0.0,0.0,0.0,0.0,1.0,1
71,1,16.0,5,2,46.9,0,0,0.0,1.0,0.0,1.0,0.0,1.0,0
106,1,21.0,0,0,7.65,0,1,0.0,1.0,0.0,1.0,0.0,1.0,1
270,0,33.0,0,0,31.0,1,1,0.0,0.0,0.0,1.0,1.0,0.0,0
860,0,41.0,2,0,14.1083,1,0,0.0,1.0,0.0,1.0,1.0,0.0,0
435,1,14.0,1,2,120.0,0,0,0.0,0.0,0.0,1.0,0.0,0.0,1
102,0,21.0,0,1,77.2875,1,0,0.0,0.0,0.0,1.0,1.0,0.0,0
